{"stats":{"minecraft:custom":{"minecraft:time_since_rest":3319,"minecraft:interact_with_furnace":14,"minecraft:sprint_one_cm":18572,"minecraft:walk_one_cm":115131,"minecraft:drop":86,"minecraft:fly_one_cm":70504,"minecraft:crouch_one_cm":1354,"minecraft:play_one_minute":35704,"minecraft:deaths":3,"minecraft:sneak_time":647,"minecraft:jump":412,"minecraft:interact_with_blast_furnace":15,"minecraft:leave_game":13,"minecraft:time_since_death":3291,"minecraft:fall_one_cm":1049},"minecraft:used":{"minecraft:piston":4,"minecraft:diamond_pickaxe":28,"minecraft:lava_bucket":15,"minecraft:bricks":172,"minecraft:birch_planks":61,"minecraft:stone_pickaxe":4,"minecraft:polished_andesite_stairs":1,"minecraft:iron_pickaxe":7,"na:sandromyths_ore":35,"minecraft:stone":21,"minecraft:redstone_block":7,"na:tychola_ore":82,"minecraft:item_frame":9,"na:jordite_ore":43,"minecraft:furnace":3,"minecraft:brick_slab":49,"minecraft:blast_furnace":3,"minecraft:birch_sign":5,"minecraft:glass_pane":95,"minecraft:smooth_stone_slab":15,"minecraft:stone_stairs":6,"minecraft:smooth_stone":80},"minecraft:mined":{"na:jordite_ore":4,"na:tychola_ore":21,"minecraft:stone":6,"na:sandromyths_ore":3},"minecraft:crafted":{"na:tychola_ingot":62,"na:sandromyths":58,"na:jordite_ingot":60,"minecraft:air":0},"minecraft:picked_up":{"na:sandromyths":4,"na:sandromyths_ore":70,"minecraft:item_frame":1,"na:tychola_ingot":7,"na:jordite_ingot":2,"minecraft:coal_block":378,"na:jordite_ore":70,"na:tychola_ore":84},"minecraft:dropped":{"minecraft:stone":1,"na:jordite_ingot":62,"na:sandromyths":59,"na:tychola_ingot":134,"minecraft:smooth_stone":1,"na:sandromyths_ore":69,"na:tychola_ore":63,"na:jordite_ore":66,"minecraft:coal_block":378}},"DataVersion":2586}