{"stats":{"minecraft:used":{"minecraft:sticky_piston":3,"minecraft:piston":4,"minecraft:diamond_pickaxe":28,"minecraft:black_concrete":18,"minecraft:lava_bucket":15,"minecraft:bricks":462,"minecraft:dropper":4,"minecraft:command_block":2,"minecraft:birch_planks":78,"minecraft:brick_stairs":159,"minecraft:slime_block":1,"minecraft:redstone":9,"minecraft:stone_pickaxe":4,"minecraft:stone_button":1,"minecraft:polished_andesite_stairs":1,"minecraft:iron_pickaxe":7,"na:sandromyths_ore":35,"minecraft:stone":21,"minecraft:redstone_block":12,"na:tychola_ore":82,"minecraft:item_frame":9,"minecraft:repeater":1,"minecraft:redstone_lamp":8,"minecraft:comparator":1,"minecraft:chain_command_block":1,"minecraft:hopper":2,"minecraft:blast_furnace":3,"na:jordite_ore":43,"minecraft:furnace":3,"minecraft:brick_slab":152,"minecraft:birch_sign":32,"minecraft:glass_pane":95,"minecraft:smooth_stone_slab":15,"minecraft:stone_stairs":6,"minecraft:smooth_stone":81},"minecraft:mined":{"na:jordite_ore":4,"na:tychola_ore":21,"minecraft:stone":6,"na:sandromyths_ore":3},"minecraft:picked_up":{"na:sandromyths":4,"na:sandromyths_ore":70,"minecraft:item_frame":1,"na:tychola_ingot":7,"minecraft:birch_sign":1,"na:jordite_ingot":2,"minecraft:coal_block":378,"na:jordite_ore":70,"na:tychola_ore":84},"minecraft:crafted":{"na:tychola_ingot":62,"na:sandromyths":58,"na:jordite_ingot":60,"minecraft:air":0},"minecraft:dropped":{"minecraft:stone":1,"na:jordite_ingot":62,"na:sandromyths":59,"na:tychola_ingot":134,"minecraft:smooth_stone":1,"na:sandromyths_ore":69,"na:tychola_ore":63,"na:jordite_ore":66,"minecraft:coal_block":378},"minecraft:custom":{"minecraft:time_since_rest":35807,"minecraft:inspect_dropper":1,"minecraft:interact_with_furnace":14,"minecraft:sprint_one_cm":31986,"minecraft:walk_one_cm":207020,"minecraft:drop":86,"minecraft:fly_one_cm":141868,"minecraft:crouch_one_cm":6214,"minecraft:play_one_minute":68192,"minecraft:deaths":3,"minecraft:sneak_time":2916,"minecraft:jump":621,"minecraft:interact_with_blast_furnace":15,"minecraft:leave_game":17,"minecraft:time_since_death":35779,"minecraft:fall_one_cm":1260}},"DataVersion":2586}